Noeud,class
0,15
1,21
2,21
3,21
4,31
5,21
6,32
7,9
8,21
9,32
10,28
11,28
12,32
13,30
14,30
15,30
16,9
17,12
18,32
19,32
20,21
21,30
22,21
23,9
24,28
25,21
26,9
27,30
28,28
29,28
30,9
31,17
32,30
33,9
34,14
35,23
36,21
37,9
38,9
39,21
40,32
41,32
42,32
43,32
44,9
45,30
46,0
47,21
48,28
49,32
50,9
51,28
52,28
53,21
54,28
55,15
56,15
57,21
58,9
59,28
60,9
61,12
62,9
63,9
64,14
65,23
66,15
67,21
68,30
69,32
70,28
71,9
72,9
73,28
74,32
75,9
76,9
77,32
78,9
79,30
80,14
81,21
82,9
83,21
84,21
85,9
86,9
87,32
88,28
89,28
90,9
91,21
92,17
93,17
94,9
95,30
96,0
97,32
98,15
99,17
100,12
101,28
102,9
103,30
104,21
105,28
106,15
107,9
108,28
109,12
110,20
111,28
112,12
113,32
114,15
115,28
116,28
117,9
118,28
119,32
120,9
121,9
122,28
123,30
124,30
125,30
126,28
127,21
128,2
129,28
130,9
131,9
132,21
133,2
134,21
135,28
136,9
137,30
138,21
139,12
140,28
141,21
142,32
143,32
144,30
145,30
146,21
147,32
148,28
149,28
150,21
151,9
152,30
153,12
154,28
155,28
156,9
157,12
158,32
159,32
160,32
161,9
162,8
163,12
164,30
165,30
166,32
167,12
168,32
169,30
170,21
171,12
172,12
173,21
174,21
175,28
176,28
177,32
178,9
179,28
180,28
181,12
182,11
183,30
184,32
185,9
186,30
187,32
188,9
189,21
190,30
191,21
192,25
193,28
194,9
195,21
196,9
197,12
198,9
199,32
200,28
201,9
202,30
203,17
204,28
205,21
206,21
207,15
208,21
209,21
210,21
211,32
212,21
213,9
214,32
215,14
216,28
217,30
218,30
219,30
220,9
221,30
222,21
223,12
224,9
225,9
226,9
227,28
228,32
229,28
230,9
231,30
232,32
233,14
234,2
235,23
236,28
237,30
238,0
239,14
240,9
241,9
242,9
243,21
244,12
245,9
246,30
247,2
248,21
249,21
250,21
251,15
252,9
253,21
254,9
255,30
256,30
257,28
258,9
259,21
260,28
261,12
262,32
263,21
264,12
265,30
266,28
267,12
268,30
269,9
270,28
271,9
272,9
273,21
274,21
275,21
276,9
277,9
278,15
279,32
280,28
281,13
282,28
283,28
284,32
285,30
286,17
287,9
288,9
289,21
290,21
291,21
292,21
293,18
294,32
295,28
296,13
297,21
298,32
299,32
300,32
301,3
302,21
303,28
304,30
305,21
306,32
307,21
308,9
309,28
310,30
311,21
312,9
313,12
314,32
315,28
316,30
317,12
318,30
319,28
320,28
321,30
322,12
323,32
324,21
325,22
326,21
327,13
328,21
329,9
330,12
331,2
332,30
333,28
334,28
335,15
336,15
337,28
338,14
339,9
340,28
341,12
342,9
343,11
344,13
345,14
346,28
347,15
348,12
349,28
350,32
351,28
352,28
353,17
354,21
355,9
356,12
357,12
358,28
359,32
360,28
361,21
362,28
363,9
364,27
365,29
366,9
367,12
368,21
369,21
370,30
371,30
372,28
373,9
374,9
375,9
376,28
377,30
378,12
379,12
380,21
381,9
382,28
383,28
384,9
385,21
386,14
387,9
388,30
389,32
390,28
391,9
392,28
393,28
394,28
395,28
396,9
397,9
398,9
399,21
400,32
401,21
402,15
403,30
404,21
405,30
406,1
407,28
408,32
409,28
410,28
411,28
412,12
413,28
414,30
415,12
416,9
417,9
418,28
419,12
420,15
421,12
422,30
423,21
424,21
425,9
426,32
427,25
428,30
429,21
430,32
431,9
432,12
433,15
434,17
435,9
436,12
437,9
438,14
439,12
440,28
441,9
442,28
443,28
444,28
445,9
446,28
447,21
448,32
449,21
450,9
451,21
452,28
453,28
454,15
455,9
456,9
457,32
458,28
459,30
460,28
461,21
462,12
463,28
464,32
465,30
466,9
467,21
468,15
469,21
470,21
471,19
472,9
473,21
474,9
475,21
476,13
477,9
478,28
479,28
480,28
481,9
482,12
483,28
484,28
485,28
486,32
487,21
488,28
489,30
490,9
491,21
492,9
493,32
494,28
495,9
496,9
497,28
498,32
499,13
500,32
501,28
502,30
503,9
504,12
505,32
506,30
507,28
508,30
509,9
510,21
511,14
512,28
513,6
514,9
515,15
516,30
517,12
518,9
519,28
520,13
521,28
522,30
523,9
524,14
525,12
526,21
527,21
528,21
529,25
530,32
531,9
532,28
533,28
534,30
535,32
536,30
537,9
538,13
539,28
540,21
541,32
542,30
543,28
544,32
545,9
546,21
547,28
548,12
549,21
550,23
551,12
552,9
553,9
554,9
555,9
556,12
557,9
558,23
559,21
560,0
561,28
562,32
563,12
564,21
565,28
566,28
567,9
568,28
569,32
570,28
571,32
572,28
573,32
574,9
575,28
576,32
577,32
578,28
579,12
580,9
581,30
582,28
583,9
584,9
585,17
586,9
587,30
588,30
589,30
590,32
591,28
592,21
593,28
594,30
595,9
596,28
597,32
598,28
599,30
600,30
601,32
602,30
603,21
604,28
605,28
606,32
607,30
608,32
609,9
610,32
611,32
612,9
613,32
614,17
615,9
616,32
617,28
618,21
619,28
620,32
621,28
622,21
623,9
624,21
625,12
626,30
627,9
628,9
629,21
630,28
631,28
632,28
633,12
634,12
635,9
636,28
637,32
638,28
639,32
640,9
641,28
642,28
643,9
644,28
645,21
646,9
647,17
648,9
649,30
650,12
651,21
652,30
653,33
654,12
655,30
656,30
657,12
658,12
659,12
660,12
661,30
662,9
663,15
664,21
665,17
666,21
667,30
668,9
669,9
670,28
671,9
672,21
673,9
674,32
675,28
676,28
677,32
678,9
679,21
680,12
681,28
682,32
683,24
684,9
685,9
686,32
687,21
688,28
689,28
690,30
691,30
692,30
693,23
694,12
695,2
696,12
697,28
698,21
699,21
700,12
701,9
702,9
703,9
704,25
705,15
706,9
707,28
708,30
709,28
710,21
711,30
712,30
713,21
714,32
715,21
716,15
717,9
718,28
719,14
720,9
721,9
722,21
723,28
724,2
725,9
726,21
727,21
728,28
729,21
730,32
731,17
732,21
733,28
734,9
735,9
736,32
737,28
738,9
739,14
740,17
741,12
742,9
743,13
744,9
745,9
746,32
747,28
748,21
749,21
750,28
751,30
752,14
753,21
754,2
755,21
756,14
757,12
758,9
759,9
760,9
761,12
762,21
763,9
764,9
765,28
766,21
767,30
768,12
769,9
770,9
771,12
772,9
773,30
774,2
775,28
776,28
777,28
778,28
779,27
780,21
781,21
782,23
783,28
784,28
785,9
786,9
787,32
788,21
789,12
790,12
791,32
792,1
793,9
794,30
795,9
796,30
797,21
798,21
799,21
800,11
801,13
802,28
803,21
804,9
805,9
806,28
807,28
808,21
809,28
810,9
811,30
812,21
813,9
814,30
815,21
816,9
817,28
818,23
819,28
820,32
821,28
822,28
823,28
824,23
825,9
826,28
827,28
828,12
829,9
830,9
831,28
832,9
833,15
834,28
835,12
836,28
837,32
838,30
839,15
840,12
841,32
842,21
843,12
844,30
845,28
846,12
847,28
848,27
849,32
850,12
851,21
852,12
853,21
854,30
855,30
856,29
857,20
858,28
859,28
860,30
861,21
862,30
863,28
864,28
865,28
866,21
867,12
868,12
869,12
870,30
871,32
872,9
873,30
874,1
875,30
876,30
877,12
878,30
879,21
880,2
881,9
882,14
883,28
884,14
885,12
886,28
887,32
888,30
889,9
890,2
891,32
892,9
893,12
894,28
895,28
896,9
897,21
898,15
899,22
900,15
901,0
902,24
903,9
904,21
905,28
906,21
907,30
908,30
909,25
910,21
911,28
912,32
913,32
914,14
915,18
916,21
917,15
918,12
919,9
920,21
921,32
922,21
923,32
924,12
925,9
926,21
927,30
928,30
929,21
930,9
931,28
932,28
933,30
934,9
935,9
936,21
937,30
938,30
939,12
940,30
941,9
942,9
943,21
944,21
945,17
946,28
947,2
948,28
949,27
950,12
951,21
952,32
953,12
954,13
955,21
956,15
957,14
958,32
959,30
960,32
961,9
962,9
963,28
964,2
965,9
966,28
967,28
968,32
969,13
970,21
971,12
972,32
973,21
974,28
975,14
976,12
977,32
978,30
979,32
980,26
981,28
982,21
983,21
984,30
985,12
986,12
987,21
988,21
989,21
990,32
991,21
992,27
993,25
994,28
995,28
996,12
997,9
998,21
999,28
1000,21
1001,28
1002,21
1003,30
1004,28
1005,32
1006,21
1007,9
1008,9
1009,30
1010,30
1011,9
1012,30
1013,9
1014,30
1015,9
1016,28
1017,28
1018,21
1019,32
1020,32
1021,21
1022,28
1023,12
1024,28
1025,28
1026,9
1027,30
1028,28
1029,12
1030,21
1031,30
1032,28
1033,32
1034,32
1035,21
1036,12
1037,21
1038,32
1039,30
1040,21
1041,25
1042,28
1043,28
1044,21
1045,0
1046,12
1047,30
1048,12
1049,28
1050,9
1051,28
1052,28
1053,30
1054,30
1055,23
1056,21
1057,21
1058,30
1059,30
1060,30
1061,14
1062,24
1063,32
1064,14
1065,30
1066,30
1067,21
1068,9
1069,9
1070,30
1071,12
1072,21
1073,21
1074,9
1075,23
1076,21
1077,32
1078,18
1079,32
1080,32
1081,9
1082,28
1083,28
1084,12
1085,28
1086,32
1087,14
1088,32
1089,14
1090,9
1091,21
1092,21
1093,12
1094,14
1095,9
1096,12
1097,21
1098,15
1099,28
1100,21
1101,21
1102,32
1103,9
1104,28
1105,21
1106,32
1107,30
1108,9
1109,30
1110,12
1111,32
1112,28
1113,21
1114,28
1115,28
1116,30
1117,32
1118,24
1119,12
1120,30
1121,14
1122,9
1123,30
1124,28
1125,15
1126,28
1127,32
1128,21
1129,17
1130,28
1131,32
1132,12
1133,30
1134,18
1135,32
1136,9
1137,28
1138,9
1139,13
1140,28
1141,21
1142,21
1143,21
1144,12
1145,28
1146,24
1147,14
1148,28
1149,9
1150,30
1151,9
1152,28
1153,21
1154,9
1155,28
1156,9
1157,12
1158,28
1159,13
1160,9
1161,23
1162,30
1163,28
1164,12
1165,32
1166,12
1167,30
1168,30
1169,28
1170,21
1171,12
1172,32
1173,12
1174,28
1175,32
1176,28
1177,23
1178,9
1179,30
1180,12
1181,28
1182,12
1183,30
1184,12
1185,9
1186,28
1187,21
1188,32
1189,23
1190,21
1191,28
1192,19
1193,30
1194,30
1195,21
1196,6
1197,12
1198,9
1199,32
1200,21
1201,21
1202,28
1203,21
1204,30
1205,32
1206,12
1207,28
1208,28
1209,9
1210,14
1211,14
1212,29
1213,14
1214,21
1215,14
1216,21
1217,28
1218,13
1219,12
1220,9
1221,30
1222,9
1223,30
1224,27
1225,32
1226,32
1227,28
1228,28
1229,9
1230,30
1231,28
1232,28
1233,28
1234,6
1235,9
1236,28
1237,9
1238,12
1239,21
1240,4
1241,28
1242,12
1243,30
1244,30
1245,9
1246,21
1247,28
1248,2
1249,32
1250,12
1251,9
1252,28
1253,9
1254,9
1255,30
1256,21
1257,30
1258,12
1259,9
1260,25
1261,30
1262,28
1263,17
1264,32
1265,28
1266,30
1267,12
1268,9
1269,21
1270,30
1271,28
1272,21
1273,12
1274,21
1275,14
1276,21
1277,9
1278,32
1279,30
1280,27
1281,29
1282,30
1283,30
1284,28
1285,30
1286,17
1287,17
1288,27
1289,27
1290,13
1291,30
1292,28
1293,21
1294,28
1295,21
1296,30
1297,30
1298,9
1299,28
1300,13
1301,32
1302,21
1303,9
1304,21
1305,9
1306,28
1307,30
1308,28
1309,14
1310,13
1311,2
1312,21
1313,9
1314,28
1315,9
1316,21
1317,21
1318,9
1319,1
1320,12
1321,28
1322,30
1323,28
1324,23
1325,12
1326,21
1327,14
1328,12
1329,32
1330,9
1331,21
1332,17
1333,21
1334,32
1335,28
1336,30
1337,30
1338,28
1339,21
1340,28
1341,32
1342,32
1343,12
1344,14
1345,15
1346,21
1347,32
1348,21
1349,21
1350,12
1351,21
1352,32
1353,28
1354,28
1355,28
1356,28
1357,9
1358,30
1359,30
1360,28
1361,21
1362,17
1363,9
1364,21
1365,28
1366,30
1367,9
1368,12
1369,30
1370,32
1371,15
1372,32
1373,9
1374,9
1375,30
1376,9
1377,9
1378,29
1379,12
1380,1
1381,32
1382,30
1383,12
1384,9
1385,12
1386,32
1387,21
1388,21
1389,28
1390,32
1391,21
1392,9
1393,21
1394,21
1395,9
1396,28
1397,17
1398,28
1399,12
1400,21
1401,32
1402,9
1403,30
1404,9
1405,14
1406,15
1407,30
1408,12
1409,28
1410,9
1411,12
1412,9
1413,12
1414,26
1415,9
1416,21
1417,32
1418,32
1419,21
1420,12
1421,9
1422,30
1423,25
1424,9
1425,30
1426,9
1427,32
1428,28
1429,30
1430,12
1431,21
1432,28
1433,12
1434,14
1435,25
1436,28
1437,1
1438,28
1439,28
1440,9
1441,30
1442,30
1443,30
1444,21
1445,9
1446,28
1447,9
1448,9
1449,12
1450,30
1451,28
1452,21
1453,30
1454,28
1455,9
1456,30
1457,9
1458,32
1459,12
1460,32
1461,9
1462,9
1463,22
1464,28
1465,9
1466,30
1467,21
1468,14
1469,32
1470,12
1471,28
1472,30
1473,32
1474,32
1475,14
1476,12
1477,14
1478,23
1479,32
1480,32
1481,32
1482,28
1483,28
1484,23
1485,21
1486,9
1487,28
1488,28
1489,30
1490,24
1491,28
1492,30
1493,18
1494,12
1495,30
1496,21
1497,28
1498,12
1499,21
1500,13
1501,17
1502,9
1503,32
1504,12
1505,21
1506,12
1507,9
1508,28
1509,28
1510,30
1511,30
1512,30
1513,32
1514,21
1515,30
1516,9
1517,28
1518,32
1519,21
1520,23
1521,9
1522,30
1523,21
1524,14
1525,12
1526,32
1527,30
1528,30
1529,15
1530,21
1531,12
1532,30
1533,12
1534,30
1535,12
1536,28
1537,12
1538,21
1539,12
1540,30
1541,12
1542,9
1543,12
1544,30
1545,21
1546,25
1547,28
1548,27
1549,21
1550,9
1551,30
1552,21
1553,32
1554,12
1555,23
1556,9
1557,21
1558,21
1559,32
1560,28
1561,9
1562,14
1563,21
1564,30
1565,28
1566,30
1567,30
1568,28
1569,32
1570,21
1571,28
1572,12
1573,28
1574,12
1575,21
1576,12
1577,21
1578,12
1579,30
1580,28
1581,12
1582,12
1583,9
1584,9
1585,9
1586,28
1587,30
1588,9
1589,12
1590,9
1591,32
1592,14
1593,21
1594,12
1595,21
1596,12
1597,32
1598,21
1599,28
1600,30
1601,30
1602,15
1603,28
1604,12
1605,12
1606,12
1607,32
1608,9
1609,28
1610,30
1611,32
1612,32
1613,22
1614,30
1615,21
1616,21
1617,28
1618,14
1619,21
1620,21
1621,21
1622,15
1623,28
1624,14
1625,12
1626,30
1627,17
1628,17
1629,21
1630,28
1631,12
1632,28
1633,12
1634,14
1635,21
1636,26
1637,9
1638,17
1639,21
1640,32
1641,9
1642,30
1643,14
1644,2
1645,14
1646,21
1647,12
1648,28
1649,28
1650,9
1651,12
1652,14
1653,28
1654,30
1655,30
1656,12
1657,9
1658,32
1659,28
1660,28
1661,32
1662,32
1663,9
1664,9
1665,32
1666,9
1667,28
1668,32
1669,9
1670,12
1671,12
1672,9
1673,21
1674,28
1675,28
1676,21
1677,26
1678,9
1679,30
1680,30
1681,21
1682,28
1683,15
1684,9
1685,21
1686,21
1687,28
1688,28
1689,28
1690,30
1691,9
1692,28
1693,25
1694,28
1695,32
1696,28
1697,26
1698,28
1699,28
1700,13
1701,0
1702,28
1703,9
1704,12
1705,30
1706,9
1707,9
1708,28
1709,28
1710,12
1711,30
1712,14
1713,30
1714,28
1715,28
1716,12
1717,15
1718,32
1719,21
1720,9
1721,32
1722,27
1723,28
1724,9
1725,9
1726,28
1727,28
1728,9
1729,28
1730,12
1731,14
1732,9
1733,21
1734,29
1735,32
1736,12
1737,28
1738,21
1739,30
1740,12
1741,30
1742,9
1743,32
1744,6
1745,28
1746,19
1747,30
1748,14
1749,30
1750,21
1751,21
1752,32
1753,21
1754,21
1755,30
1756,9
1757,9
1758,21
1759,30
1760,30
1761,30
1762,28
1763,28
1764,28
1765,12
1766,9
1767,21
1768,9
1769,9
1770,30
1771,9
1772,9
1773,30
1774,12
1775,32
1776,21
1777,9
1778,14
1779,21
1780,30
1781,15
1782,30
1783,28
1784,9
1785,12
1786,0
1787,21
1788,32
1789,28
1790,17
1791,9
1792,32
1793,9
1794,9
1795,28
1796,9
1797,12
1798,32
1799,30
1800,21
1801,30
1802,12
1803,28
1804,12
1805,9
1806,23
1807,28
1808,12
1809,12
1810,28
1811,12
1812,21
1813,32
1814,12
1815,32
1816,21
1817,12
1818,17
1819,17
1820,12
1821,28
1822,17
1823,14
1824,12
1825,28
1826,30
1827,32
1828,21
1829,5
1830,12
1831,28
1832,32
1833,21
1834,9
1835,24
1836,9
1837,9
1838,21
1839,21
1840,21
1841,14
1842,16
1843,21
1844,28
1845,28
1846,21
1847,21
1848,22
1849,21
1850,9
1851,9
1852,32
1853,12
1854,28
1855,28
1856,28
1857,28
1858,9
1859,28
1860,28
1861,18
1862,2
1863,12
1864,12
1865,21
1866,32
1867,9
1868,28
1869,12
1870,21
1871,21
1872,32
1873,30
1874,9
1875,21
1876,30
1877,14
1878,9
1879,9
1880,14
1881,28
1882,9
1883,9
1884,32
1885,9
1886,12
1887,12
1888,30
1889,21
1890,28
1891,32
1892,21
1893,9
1894,21
1895,28
1896,9
1897,30
1898,12
1899,14
1900,9
1901,32
1902,32
1903,28
1904,32
1905,9
1906,28
1907,32
1908,25
1909,32
1910,21
1911,28
1912,32
1913,32
1914,28
1915,21
1916,9
1917,30
1918,28
1919,32
1920,9
1921,32
1922,28
1923,32
1924,32
1925,24
1926,9
1927,13
1928,21
1929,21
1930,21
1931,23
1932,13
1933,9
1934,12
1935,21
1936,28
1937,32
1938,32
1939,14
1940,30
1941,30
1942,23
1943,13
1944,30
1945,21
1946,21
1947,32
1948,30
1949,12
1950,28
1951,9
1952,12
1953,30
1954,30
1955,28
1956,9
1957,32
1958,21
1959,30
1960,30
1961,12
1962,9
1963,9
1964,9
1965,28
1966,32
1967,28
1968,9
1969,28
1970,12
1971,21
1972,9
1973,21
1974,28
1975,27
1976,28
1977,30
1978,30
1979,32
1980,32
1981,9
1982,30
1983,18
1984,9
1985,28
1986,30
1987,12
1988,30
1989,17
1990,21
1991,30
1992,9
1993,9
1994,9
1995,21
1996,9
1997,30
1998,15
1999,9
2000,9
2001,28
2002,28
2003,28
2004,30
2005,9
2006,9
2007,30
2008,28
2009,30
2010,28
2011,30
2012,9
2013,12
2014,21
2015,28
2016,12
2017,21
2018,21
2019,30
2020,21
2021,12
2022,9
2023,9
2024,28
2025,9
2026,9
2027,30
2028,21
2029,9
2030,30
2031,9
2032,28
2033,28
2034,28
2035,28
2036,32
2037,9
2038,9
2039,28
2040,21
2041,21
2042,21
2043,28
2044,9
2045,21
2046,30
2047,32
2048,28
2049,21
2050,30
2051,28
2052,12
2053,21
2054,12
2055,21
2056,28
2057,32
2058,21
2059,15
2060,17
2061,32
2062,32
2063,12
2064,22
2065,28
2066,28
2067,28
2068,12
2069,32
2070,28
2071,1
2072,28
2073,28
2074,9
2075,30
2076,28
2077,9
2078,21
2079,21
2080,21
2081,32
2082,28
2083,9
2084,14
2085,30
2086,32
2087,28
2088,32
2089,28
2090,32
2091,29
2092,30
2093,28
2094,21
2095,12
2096,32
2097,12
2098,14
2099,9
2100,9
2101,32
2102,9
2103,21
2104,9
2105,32
2106,9
2107,21
2108,30
2109,15
2110,12
2111,0
2112,9
2113,28
2114,2
2115,28
2116,21
2117,9
2118,23
2119,25
2120,15
2121,17
2122,30
2123,12
2124,32
2125,28
2126,28
2127,9
2128,21
2129,21
2130,28
2131,9
2132,21
2133,9
2134,28
2135,21
2136,14
2137,12
2138,21
2139,32
2140,28
2141,30
2142,9
2143,32
2144,21
2145,32
2146,21
2147,12
2148,9
2149,12
2150,9
2151,32
2152,32
2153,21
2154,24
2155,9
2156,9
2157,32
2158,21
2159,28
2160,21
2161,28
2162,21
2163,30
2164,21
2165,9
2166,12
2167,9
2168,9
2169,30
2170,12
2171,9
2172,30
2173,21
2174,28
2175,9
2176,12
2177,21
2178,32
2179,30
2180,14
2181,9
2182,30
2183,21
2184,28
2185,12
2186,21
2187,12
2188,30
2189,12
2190,21
2191,28
2192,28
2193,30
2194,12
2195,32
2196,28
2197,21
2198,9
2199,28
2200,28
2201,12
2202,9
2203,26
2204,28
2205,21
2206,21
2207,28
2208,9
2209,13
2210,9
2211,9
2212,23
2213,21
2214,23
2215,9
2216,15
2217,9
2218,30
2219,21
2220,15
2221,14
2222,28
2223,30
2224,21
2225,2
2226,21
2227,28
2228,21
2229,32
2230,9
2231,21
2232,21
2233,9
2234,28
2235,30
2236,30
2237,21
2238,12
2239,21
2240,9
2241,28
2242,28
2243,21
2244,21
2245,9
2246,12
2247,30
2248,13
2249,9
2250,28
2251,12
2252,12
2253,21
2254,9
2255,14
2256,15
2257,17
2258,21
2259,28
2260,15
2261,21
2262,28
2263,21
2264,21
2265,12
2266,14
2267,28
2268,28
2269,15
2270,15
2271,28
2272,28
2273,32
2274,32
2275,14
2276,28
2277,28
2278,28
2279,14
2280,30
2281,28
2282,30
2283,32
2284,28
2285,14
2286,9
2287,9
2288,9
2289,21
2290,13
2291,30
2292,14
2293,9
2294,32
2295,32
2296,9
2297,30
2298,12
2299,9
2300,12
2301,30
2302,28
2303,30
2304,28
2305,30
2306,9
2307,30
2308,21
2309,23
2310,9
2311,9
2312,28
2313,9
2314,21
2315,30
2316,28
2317,30
2318,9
2319,14
2320,30
2321,32
2322,32
2323,13
2324,17
2325,13
2326,21
2327,13
2328,32
2329,30
2330,12
2331,21
2332,32
2333,17
2334,28
2335,8
2336,32
2337,12
2338,30
2339,30
2340,30
2341,30
2342,30
2343,21
2344,30
2345,30
2346,30
2347,30
2348,30
2349,30
2350,30
2351,30
2352,30
2353,30
2354,30
2355,9
2356,12
2357,9
2358,29
2359,9
2360,27
2361,7
2362,12
2363,30
2364,30
2365,7
2366,30
2367,21
2368,17
2369,28
2370,12
2371,13
2372,30
2373,32
2374,12
2375,13
2376,13
2377,21
2378,32
2379,21
2380,28
2381,14
2382,30
2383,30
2384,12
2385,32
2386,9
2387,9
2388,14
2389,9
2390,9
2391,21
2392,21
2393,12
2394,28
2395,32
2396,14
2397,9
2398,21
2399,12
2400,9
2401,14
2402,21
2403,30
2404,12
2405,30
2406,21
2407,9
2408,9
2409,12
2410,12
2411,9
2412,21
2413,9
2414,21
2415,28
2416,28
2417,12
2418,2
2419,17
2420,12
2421,28
2422,12
2423,21
2424,17
2425,28
2426,12
2427,9
2428,30
2429,30
2430,28
2431,32
2432,12
2433,12
2434,28
2435,21
2436,21
2437,28
2438,18
2439,9
2440,3
2441,32
2442,30
2443,32
2444,21
2445,12
2446,21
2447,25
2448,32
2449,21
2450,28
2451,12
2452,28
2453,28
2454,30
2455,28
2456,9
2457,30
2458,12
2459,21
2460,32
2461,30
2462,28
2463,23
2464,21
2465,28
2466,9
2467,21
2468,25
2469,21
2470,28
2471,25
2472,9
2473,30
2474,12
2475,30
2476,21
2477,28
2478,15
2479,32
2480,30
2481,12
2482,12
2483,21
2484,21
2485,32
2486,21
2487,12
2488,28
2489,28
2490,23
2491,12
2492,28
2493,21
2494,12
2495,28
2496,9
2497,28
2498,14
2499,28
2500,9
2501,21
2502,28
2503,12
2504,21
2505,28
2506,28
2507,28
2508,9
2509,32
2510,13
2511,30
2512,9
2513,9
2514,21
2515,21
2516,30
2517,21
2518,28
2519,29
2520,30
2521,18
2522,21
2523,32
2524,30
2525,12
2526,30
2527,27
2528,32
2529,28
2530,23
2531,13
2532,28
2533,28
2534,12
2535,28
2536,30
2537,21
2538,9
2539,28
2540,30
2541,15
2542,28
2543,21
2544,9
2545,9
2546,21
2547,21
2548,21
2549,9
2550,21
2551,20
2552,32
2553,9
2554,14
2555,12
2556,30
2557,28
2558,12
2559,12
2560,32
2561,30
2562,9
2563,21
2564,32
2565,23
2566,32
2567,32
2568,28
2569,32
2570,28
2571,12
2572,21
2573,32
2574,28
2575,28
2576,21
2577,28
2578,30
2579,17
2580,28
2581,28
2582,9
2583,32
2584,21
2585,14
2586,17
2587,9
2588,9
2589,28
2590,32
2591,9
2592,9
2593,28
2594,12
2595,9
2596,9
2597,13
2598,21
2599,23
2600,0
2601,9
2602,23
2603,30
2604,30
2605,9
2606,12
2607,32
2608,30
2609,9
2610,12
2611,21
2612,30
2613,28
2614,12
2615,28
2616,21
2617,21
2618,2
2619,28
2620,27
2621,21
2622,28
2623,12
2624,28
2625,30
2626,9
2627,9
2628,21
2629,28
2630,9
2631,32
2632,28
2633,32
2634,9
2635,12
2636,12
2637,13
2638,28
2639,9
2640,9
2641,9
2642,14
2643,32
2644,12
2645,21
2646,9
2647,21
2648,28
2649,30
2650,9
2651,21
2652,12
2653,21
2654,9
2655,9
2656,9
2657,32
2658,32
2659,9
2660,12
2661,21
2662,28
2663,30
2664,30
2665,12
2666,28
2667,9
2668,30
2669,15
2670,28
2671,9
2672,15
2673,12
2674,21
2675,9
2676,30
2677,9
2678,12
2679,12
2680,28
2681,12
2682,30
2683,32
2684,9
2685,9
2686,17
2687,30
2688,28
2689,9
2690,9
2691,21
2692,0
2693,21
2694,9
2695,32
2696,9
2697,9
2698,28
2699,28
2700,21
2701,28
2702,9
2703,30
2704,28
2705,28
2706,28
2707,9
2708,9
2709,28
2710,30
2711,28
2712,21
2713,9
2714,12
2715,21
2716,21
2717,30
2718,21
2719,28
2720,12
2721,23
2722,28
2723,28
2724,9
2725,32
2726,32
2727,30
2728,28
2729,32
2730,21
2731,28
2732,21
2733,28
2734,9
2735,28
2736,12
2737,9
2738,32
2739,9
2740,28
2741,30
2742,12
2743,0
2744,21
2745,30
2746,21
2747,9
2748,28
2749,28
2750,9
2751,21
2752,28
2753,9
2754,21
2755,30
2756,12
2757,12
2758,9
2759,9
2760,30
2761,12
2762,11
2763,9
2764,9
2765,30
2766,21
2767,12
2768,12
2769,17
2770,9
2771,21
2772,9
2773,21
2774,28
2775,14
2776,28
2777,9
2778,32
2779,28
2780,21
2781,9
2782,9
2783,32
2784,28
2785,0
2786,30
2787,30
2788,28
2789,30
2790,32
2791,9
2792,28
2793,9
2794,28
2795,15
2796,9
2797,14
2798,14
2799,9
2800,28
2801,17
2802,12
2803,32
2804,12
2805,9
2806,21
2807,17
2808,28
2809,30
2810,21
2811,9
2812,28
2813,21
2814,9
2815,33
2816,33
2817,9
2818,0
2819,29
2820,21
2821,9
2822,13
2823,12
2824,12
2825,32
2826,9
2827,32
2828,30
2829,21
2830,28
2831,28
2832,9
2833,9
2834,9
2835,9
2836,30
2837,21
2838,14
2839,32
2840,28
2841,32
2842,21
2843,5
2844,21
2845,28
2846,28
2847,15
2848,28
2849,9
2850,21
2851,17
2852,30
2853,21
2854,32
2855,9
2856,28
2857,32
2858,9
2859,9
2860,9
2861,12
2862,12
2863,21
2864,28
2865,21
2866,9
2867,30
2868,21
2869,28
2870,28
2871,12
2872,30
2873,28
2874,17
2875,30
2876,12
2877,9
2878,30
2879,25
2880,30
2881,28
2882,30
2883,28
2884,28
2885,32
2886,6
2887,12
2888,12
2889,9
2890,9
2891,9
2892,32
2893,32
2894,12
2895,9
2896,12
2897,30
2898,32
2899,9
2900,19
2901,30
2902,9
2903,30
2904,12
2905,12
2906,28
2907,12
2908,17
2909,13
2910,32
2911,25
2912,32
2913,9
2914,23
2915,28
2916,0
2917,21
2918,21
2919,12
2920,12
2921,28
2922,9
2923,12
2924,28
2925,9
2926,28
2927,30
2928,24
2929,30
2930,13
2931,32
2932,32
2933,30
2934,21
2935,9
2936,21
2937,15
2938,28
2939,28
2940,12
2941,21
2942,28
2943,21
2944,32
2945,30
2946,21
2947,9
2948,9
2949,30
2950,32
2951,9
2952,9
2953,21
2954,21
2955,9
2956,28
2957,9
2958,9
2959,17
2960,21
2961,9
2962,32
2963,28
2964,27
2965,12
2966,15
2967,32
2968,30
2969,21
2970,28
2971,12
2972,30
2973,21
2974,21
2975,32
2976,12
2977,28
2978,32
2979,21
2980,28
2981,15
2982,30
2983,30
2984,17
2985,21
2986,21
2987,32
2988,28
2989,9
2990,28
2991,12
2992,28
2993,30
2994,15
2995,21
2996,9
2997,30
2998,21
2999,28
3000,12
3001,28
3002,14
3003,23
3004,9
3005,32
3006,28
3007,12
3008,28
3009,30
3010,21
3011,23
3012,9
3013,30
3014,30
3015,12
3016,15
3017,32
3018,28
3019,21
3020,12
3021,28
3022,30
3023,14
3024,12
3025,28
3026,12
3027,28
3028,28
3029,32
3030,19
3031,30
3032,32
3033,12
3034,28
3035,28
3036,28
3037,17
3038,21
3039,21
3040,12
3041,9
3042,28
3043,23
3044,21
3045,12
3046,28
3047,30
3048,30
3049,21
3050,30
3051,21
3052,17
3053,13
3054,28
3055,17
3056,33
3057,33
3058,14
3059,17
3060,9
3061,24
3062,30
3063,12
3064,12
3065,28
3066,28
3067,28
3068,6
3069,13
3070,28
3071,26
3072,12
3073,30
3074,9
3075,21
3076,9
3077,23
3078,9
3079,9
3080,21
3081,12
3082,25
3083,30
3084,28
3085,21
3086,21
3087,28
3088,21
3089,12
3090,28
3091,30
3092,28
3093,28
3094,21
3095,28
3096,9
3097,12
3098,9
3099,28
3100,15
3101,21
3102,12
3103,0
3104,18
3105,2
3106,20
3107,21
3108,28
3109,28
3110,21
3111,12
3112,28
3113,32
3114,9
3115,12
3116,28
3117,28
3118,9
3119,32
3120,28
3121,28
3122,28
3123,28
3124,9
3125,9
3126,21
3127,30
3128,28
3129,30
3130,9
3131,21
3132,13
3133,9
3134,0
3135,5
3136,9
3137,30
3138,9
3139,21
3140,9
3141,15
3142,21
3143,28
3144,28
3145,32
3146,12
3147,32
3148,28
3149,28
3150,9
3151,12
3152,28
3153,21
3154,28
3155,21
3156,32
3157,21
3158,14
3159,21
3160,28
3161,9
3162,20
3163,21
3164,28
3165,9
3166,12
3167,9
3168,9
3169,24
3170,9
3171,21
3172,30
3173,15
3174,21
3175,30
3176,21
3177,9
3178,9
3179,13
3180,9
3181,9
3182,9
3183,30
3184,12
3185,12
3186,30
3187,28
3188,21
3189,28
3190,21
3191,28
3192,17
3193,14
3194,15
3195,21
3196,0
3197,30
3198,32
3199,21
3200,28
3201,30
3202,21
3203,0
3204,12
3205,21
3206,12
3207,9
3208,28
3209,21
3210,12
3211,12
3212,21
3213,14
3214,28
3215,17
3216,21
3217,12
3218,13
3219,28
3220,28
3221,21
3222,30
3223,23
3224,12
3225,9
3226,12
3227,9
3228,12
3229,9
3230,9
3231,28
3232,30
3233,12
3234,30
3235,32
3236,32
3237,15
3238,9
3239,28
3240,25
3241,9
3242,21
3243,32
3244,9
3245,12
3246,9
3247,21
3248,30
3249,28
3250,32
3251,12
3252,28
3253,9
3254,12
3255,21
3256,21
3257,30
3258,30
3259,28
3260,21
3261,12
3262,12
3263,28
3264,9
3265,21
3266,32
3267,21
3268,12
3269,9
3270,28
3271,12
3272,14
3273,9
3274,28
3275,30
3276,12
3277,12
3278,9
3279,21
3280,28
3281,28
3282,28
3283,15
3284,14
3285,28
3286,9
3287,21
3288,14
3289,21
3290,14
3291,30
3292,9
3293,30
3294,28
3295,28
3296,12
3297,12
3298,32
3299,21
3300,12
3301,21
3302,9
3303,32
3304,30
3305,21
3306,9
3307,21
3308,12
3309,12
3310,28
3311,21
3312,21
3313,21
3314,9
3315,12
3316,32
3317,30
3318,29
3319,12
3320,21
3321,9
3322,12
3323,30
3324,28
3325,21
3326,28
3327,28
3328,28
3329,28
3330,12
3331,28
3332,12
3333,28
3334,32
3335,9
3336,9
3337,32
3338,12
3339,18
3340,12
3341,14
3342,12
3343,32
3344,9
3345,9
3346,21
3347,32
3348,28
3349,30
3350,9
3351,13
3352,21
3353,12
3354,9
3355,12
3356,12
3357,17
3358,21
3359,21
3360,21
3361,30
3362,32
3363,30
3364,32
3365,28
3366,21
3367,32
3368,0
3369,21
3370,32
3371,21
3372,21
3373,32
3374,12
3375,9
3376,15
3377,28
3378,28
3379,28
3380,9
3381,9
3382,15
3383,32
3384,21
3385,12
3386,21
3387,21
3388,30
3389,30
3390,28
3391,30
3392,28
3393,30
3394,9
3395,21
3396,28
3397,21
3398,30
3399,30
3400,28
3401,12
3402,28
3403,15
3404,32
3405,21
3406,30
3407,28
3408,25
3409,25
3410,21
3411,12
3412,30
3413,30
3414,28
3415,30
3416,30
3417,21
3418,12
3419,28
3420,28
3421,21
3422,21
3423,9
3424,21
3425,21
3426,30
3427,32
3428,32
3429,32
3430,13
3431,30
3432,28
3433,9
3434,9
3435,12
3436,28
3437,12
3438,21
3439,17
3440,14
3441,21
3442,14
3443,32
3444,30
3445,28
3446,28
3447,13
3448,14
3449,17
3450,12
3451,21
3452,30
3453,12
3454,14
3455,9
3456,9
3457,21
3458,32
3459,21
3460,14
3461,9
3462,21
3463,28
3464,32
3465,28
3466,21
3467,12
3468,9
3469,13
3470,30
3471,21
3472,12
3473,9
3474,28
3475,9
3476,28
3477,21
3478,21
3479,12
3480,21
3481,8
3482,12
3483,12
3484,28
3485,28
3486,32
3487,28
3488,32
3489,30
3490,9
3491,9
3492,12
3493,21
3494,32
3495,28
3496,21
3497,32
3498,9
3499,21
3500,32
3501,9
3502,12
3503,9
3504,28
3505,9
3506,21
3507,19
3508,32
3509,12
3510,2
3511,21
3512,12
3513,28
3514,21
3515,14
3516,30
3517,9
3518,15
3519,21
3520,21
3521,21
3522,21
3523,9
3524,21
3525,30
3526,30
3527,21
3528,12
3529,32
3530,12
3531,9
3532,21
3533,21
3534,30
3535,28
3536,9
3537,21
3538,12
3539,32
3540,5
3541,32
3542,32
3543,13
3544,30
3545,15
3546,30
3547,30
3548,9
3549,9
3550,12
3551,15
3552,9
3553,28
3554,28
3555,14
3556,0
3557,30
3558,30
3559,28
3560,17
3561,17
3562,9
3563,28
3564,9
3565,9
3566,32
3567,15
3568,28
3569,21
3570,30
3571,28
3572,15
3573,30
3574,9
3575,28
3576,9
3577,9
3578,15
3579,9
3580,28
3581,32
3582,32
3583,14
3584,28
3585,23
3586,21
3587,12
3588,28
3589,9
3590,9
3591,21
3592,30
3593,30
3594,12
3595,30
3596,21
3597,30
3598,9
3599,9
3600,9
3601,21
3602,21
3603,14
3604,32
3605,9
3606,14
3607,28
3608,21
3609,25
3610,32
3611,9
3612,12
3613,9
3614,24
3615,21
3616,21
3617,32
3618,30
3619,21
3620,30
3621,21
3622,15
3623,21
3624,30
3625,9
3626,28
3627,30
3628,30
3629,9
3630,28
3631,12
3632,28
3633,28
3634,21
3635,32
3636,32
3637,21
3638,28
3639,17
3640,28
3641,9
3642,28
3643,28
3644,21
3645,9
3646,21
3647,30
3648,30
3649,12
3650,28
3651,12
3652,14
3653,30
3654,21
3655,32
3656,28
3657,28
3658,12
3659,28
3660,28
3661,15
3662,30
3663,32
3664,30
3665,21
3666,28
3667,32
3668,2
3669,28
3670,12
3671,9
3672,28
3673,30
3674,12
3675,28
3676,28
3677,12
3678,21
3679,9
3680,9
3681,28
3682,21
3683,32
3684,9
3685,32
3686,9
3687,14
3688,28
3689,21
3690,28
3691,30
3692,21
3693,14
3694,12
3695,30
3696,30
3697,28
3698,28
3699,12
3700,9
3701,30
3702,9
3703,13
3704,21
3705,21
3706,9
3707,9
3708,9
3709,9
3710,12
3711,25
3712,21
3713,9
3714,28
3715,21
3716,9
3717,1
3718,28
3719,21
3720,21
3721,23
3722,9
3723,9
3724,30
3725,30
3726,11
3727,28
3728,30
3729,6
3730,32
3731,9
3732,9
3733,30
3734,21
3735,30
3736,12
3737,12
3738,12
3739,21
3740,28
3741,9
3742,9
3743,30
3744,30
3745,9
3746,9
3747,30
3748,9
3749,32
3750,32
3751,9
3752,28
3753,30
3754,30
3755,9
3756,28
3757,32
3758,9
3759,32
3760,28
3761,21
3762,28
3763,12
3764,21
3765,15
3766,21
3767,28
3768,9
3769,30
3770,12
3771,28
3772,28
3773,9
3774,12
3775,28
3776,9
3777,15
3778,30
3779,32
3780,30
3781,32
3782,30
3783,9
3784,9
3785,30
3786,9
3787,32
3788,9
3789,28
3790,9
3791,12
3792,32
3793,12
3794,30
3795,28
3796,21
3797,32
3798,15
3799,12
3800,28
3801,13
3802,9
3803,21
3804,21
3805,21
3806,28
3807,12
3808,9
3809,15
3810,28
3811,32
3812,30
3813,30
3814,0
3815,15
3816,21
3817,23
3818,9
3819,9
3820,12
3821,26
3822,23
3823,18
3824,30
3825,9
3826,12
3827,21
3828,28
3829,30
3830,12
3831,21
3832,14
3833,12
3834,9
3835,9
3836,32
3837,30
3838,10
3839,25
3840,32
3841,32
3842,21
3843,21
3844,21
3845,9
3846,30
3847,30
3848,9
3849,21
3850,21
3851,21
3852,12
3853,9
3854,2
3855,12
3856,30
3857,9
3858,21
3859,21
3860,21
3861,13
3862,21
3863,28
3864,30
3865,21
3866,28
3867,32
3868,14
3869,2
3870,9
3871,21
3872,12
3873,21
3874,12
3875,12
3876,28
3877,12
3878,9
3879,9
3880,21
3881,9
3882,28
3883,25
3884,32
3885,9
3886,21
3887,28
3888,21
3889,28
3890,14
3891,9
3892,28
3893,15
3894,28
3895,9
3896,9
3897,28
3898,15
3899,28
3900,32
3901,28
3902,9
3903,9
3904,21
3905,21
3906,9
3907,30
3908,28
3909,30
3910,30
3911,9
3912,30
3913,14
3914,15
3915,28
3916,21
3917,12
3918,12
3919,12
3920,21
3921,28
3922,28
3923,32
3924,12
3925,30
3926,28
3927,28
3928,30
3929,21
3930,32
3931,9
3932,21
3933,21
3934,32
3935,28
3936,21
3937,32
3938,12
3939,28
3940,17
3941,9
3942,12
3943,30
3944,9
3945,9
3946,9
3947,12
3948,32
3949,30
3950,2
3951,21
3952,21
3953,14
3954,32
3955,21
3956,14
3957,12
3958,14
3959,12
3960,9
3961,12
3962,9
3963,25
3964,28
3965,28
3966,21
3967,2
3968,32
3969,32
3970,28
3971,28
3972,12
3973,30
3974,18
3975,32
3976,28
3977,30
3978,30
3979,21
3980,32
3981,28
3982,9
3983,9
3984,17
3985,28
3986,9
3987,21
3988,21
3989,21
3990,28
3991,28
3992,28
3993,21
3994,13
3995,12
3996,28
3997,21
3998,12
3999,26
4000,28
4001,9
4002,28
4003,12
4004,21
4005,15
4006,17
4007,30
4008,30
4009,28
4010,28
4011,30
4012,9
4013,32
4014,32
4015,12
4016,28
4017,32
4018,32
4019,28
4020,32
4021,28
4022,30
4023,21
4024,15
4025,0
4026,12
4027,9
4028,17
4029,9
4030,30
4031,28
4032,12
4033,20
4034,32
4035,21
4036,21
4037,21
4038,32
4039,32
4040,21
4041,28
4042,12
4043,11
4044,28
4045,21
4046,28
4047,32
4048,12
4049,12
4050,21
4051,28
4052,28
4053,14
4054,14
4055,21
4056,12
4057,30
4058,12
4059,21
4060,15
4061,30
4062,21
4063,21
4064,9
4065,9
4066,32
4067,2
4068,2
4069,21
4070,21
4071,9
4072,30
4073,28
4074,12
4075,28
4076,32
4077,28
4078,32
4079,12
4080,28
4081,30
4082,28
4083,28
4084,12
4085,12
4086,28
4087,12
4088,30
4089,12
4090,9
4091,9
4092,14
4093,21
4094,30
4095,28
4096,9
4097,11
4098,17
4099,17
4100,21
4101,17
4102,12
4103,28
4104,12
4105,28
4106,9
4107,12
4108,32
4109,32
4110,21
4111,12
4112,28
4113,21
4114,28
4115,12
4116,9
4117,32
4118,30
4119,0
4120,21
4121,12
4122,13
4123,28
4124,12
4125,12
4126,9
4127,30
4128,15
4129,15
4130,14
4131,30
4132,24
4133,28
4134,30
4135,32
4136,9
4137,15
4138,9
4139,9
4140,13
4141,21
4142,21
4143,28
4144,9
4145,21
4146,28
4147,28
4148,12
4149,9
4150,21
4151,18
4152,28
4153,12
4154,32
4155,9
4156,30
4157,14
4158,9
4159,30
4160,30
4161,28
4162,9
4163,14
4164,21
4165,30
4166,30
4167,21
4168,21
4169,30
4170,30
4171,21
4172,28
4173,14
4174,21
4175,28
4176,12
4177,14
4178,9
4179,32
4180,28
4181,32
4182,28
4183,12
4184,12
4185,21
4186,12
4187,28
4188,21
4189,12
4190,21
4191,21
4192,12
4193,21
4194,12
4195,17
4196,13
4197,21
4198,9
4199,21
4200,30
4201,28
4202,13
4203,28
4204,12
4205,9
4206,28
4207,30
4208,12
4209,30
4210,9
4211,21
4212,21
4213,13
4214,30
4215,28
4216,30
4217,17
4218,28
4219,32
4220,21
4221,9
4222,28
4223,28
4224,21
4225,32
4226,30
4227,32
4228,9
4229,28
4230,9
4231,21
4232,9
4233,28
4234,30
4235,9
4236,21
4237,28
4238,21
4239,21
4240,30
4241,15
4242,28
4243,21
4244,30
4245,32
4246,9
4247,9
4248,9
4249,28
4250,9
4251,21
4252,12
4253,22
4254,28
4255,30
4256,12
4257,27
4258,9
4259,9
4260,30
4261,14
4262,28
4263,9
4264,28
4265,21
4266,28
4267,21
4268,21
4269,30
4270,28
4271,21
4272,9
4273,21
4274,28
4275,21
4276,21
4277,13
4278,9
4279,23
4280,15
4281,9
4282,9
4283,28
4284,9
4285,30
4286,14
4287,28
4288,28
4289,2
4290,23
4291,9
4292,21
4293,12
4294,21
4295,32
4296,28
4297,12
4298,12
4299,15
4300,9
4301,28
4302,12
4303,12
4304,13
4305,21
4306,21
4307,28
4308,9
4309,28
4310,13
4311,9
4312,9
4313,21
4314,21
4315,28
4316,9
4317,9
4318,14
4319,21
4320,28
4321,30
4322,21
4323,25
4324,9
4325,32
4326,32
4327,12
4328,21
4329,32
4330,21
4331,21
4332,30
4333,12
4334,32
4335,12
4336,32
4337,32
4338,12
4339,12
4340,32
4341,28
4342,21
4343,9
4344,21
4345,9
4346,31
4347,30
4348,32
4349,21
4350,28
4351,12
4352,17
4353,30
4354,30
4355,12
4356,12
4357,21
4358,21
4359,9
4360,28
4361,9
4362,32
4363,9
4364,28
4365,9
4366,12
4367,32
4368,30
4369,12
4370,9
4371,14
4372,30
4373,23
4374,9
4375,9
4376,28
4377,9
4378,12
4379,32
4380,28
4381,12
4382,21
4383,21
4384,9
4385,17
4386,9
4387,17
4388,12
4389,21
4390,9
4391,15
4392,28
4393,12
4394,12
4395,9
4396,21
4397,28
4398,32
4399,28
4400,12
4401,28
4402,28
4403,12
4404,12
4405,21
4406,21
4407,14
4408,12
4409,28
4410,21
4411,12
4412,21
4413,21
4414,28
4415,9
4416,21
4417,12
4418,9
4419,28
4420,30
4421,9
4422,23
4423,12
4424,2
4425,15
4426,21
4427,9
4428,28
4429,30
4430,21
4431,21
4432,30
4433,30
4434,30
4435,28
4436,28
4437,28
4438,9
4439,12
4440,9
4441,27
4442,12
4443,21
4444,9
4445,9
4446,30
4447,9
4448,21
4449,28
4450,12
4451,21
4452,9
4453,32
4454,9
4455,15
4456,9
4457,12
4458,32
4459,21
4460,9
4461,32
4462,9
4463,21
4464,28
4465,30
4466,32
4467,14
4468,12
4469,21
4470,13
4471,12
4472,21
4473,9
4474,28
4475,13
4476,12
4477,32
4478,9
4479,9
4480,17
4481,9
4482,12
4483,21
4484,12
4485,9
4486,12
4487,12
4488,12
4489,30
4490,21
4491,12
4492,23
4493,28
4494,9
4495,21
4496,23
4497,23
4498,9
4499,22
4500,23
4501,9
4502,13
4503,17
4504,21
4505,22
4506,9
4507,9
4508,28
4509,28
4510,23
4511,23
4512,9
4513,9
4514,21
4515,28
4516,17
4517,12
4518,12
4519,28
4520,12
4521,23
4522,12
4523,21
4524,28
4525,32
4526,13
4527,9
4528,32
4529,9
4530,9
4531,9
4532,12
4533,21
4534,28
4535,13
4536,30
4537,9
4538,9
4539,23
4540,21
4541,22
4542,24
4543,9
4544,21
4545,9
4546,9
4547,21
4548,12
4549,9
4550,21
4551,21
4552,17
4553,9
4554,28
4555,9
4556,12
4557,21
4558,17
4559,28
4560,21
4561,22
4562,12
4563,22
4564,12
4565,21
4566,9
4567,9
4568,9
4569,9
4570,9
4571,21
4572,23
4573,9
4574,21
4575,28
4576,9
4577,21
4578,28
4579,9
4580,12
4581,23
4582,3
4583,9
4584,22
4585,9
4586,12
4587,28
4588,28
4589,9
4590,28
4591,30
4592,32
4593,9
4594,28
4595,28
4596,21
4597,14
4598,12
4599,12
4600,28
4601,22
4602,21
4603,23
4604,22
4605,24
4606,30
4607,28
4608,22
4609,15
4610,13
4611,14
4612,12
4613,9
4614,17
4615,30
4616,9
4617,21
4618,12
4619,12
4620,13
4621,30
4622,12
4623,23
4624,9
4625,9
4626,12
4627,9
4628,24
4629,21
4630,12
4631,23
4632,9
4633,23
4634,9
4635,13
4636,9
4637,9
4638,30
4639,11
4640,3
4641,22
4642,9
4643,14
4644,28
4645,9
4646,12
4647,9
4648,28
4649,30
4650,9
4651,12
4652,9
4653,9
4654,9
4655,9
4656,11
4657,9
4658,30
4659,30
4660,30
4661,12
4662,12
4663,9
4664,9
4665,23
4666,21
4667,32
4668,10
4669,5
4670,28
4671,28
4672,12
4673,21
4674,32
4675,28
4676,9
4677,9
4678,28
4679,12
4680,16
4681,28
4682,9
4683,9
4684,14
4685,21
4686,12
4687,32
4688,15
4689,9
4690,9
4691,28
4692,23
4693,21
4694,12
4695,22
4696,12
4697,9
4698,4
4699,28
4700,9
4701,12
4702,21
4703,21
4704,28
4705,24
4706,30
4707,14
4708,13
4709,28
4710,9
4711,16
4712,16
4713,9
4714,22
4715,9
4716,9
4717,23
4718,12
4719,12
4720,32
4721,9
4722,21
4723,9
4724,9
4725,9
4726,9
4727,22
4728,22
4729,28
4730,23
4731,28
4732,21
4733,28
4734,21
4735,9
4736,4
4737,9
4738,21
4739,9
4740,12
4741,28
4742,32
4743,21
4744,28
4745,12
4746,9
4747,28
4748,21
4749,9
4750,9
4751,28
4752,10
4753,28
4754,9
4755,12
4756,28
4757,9
4758,12
4759,28
4760,32
4761,9
4762,9
4763,9
4764,21
4765,32
4766,21
4767,9
4768,12
4769,28
4770,9
4771,9
4772,30
4773,21
4774,28
4775,9
4776,9
4777,9
4778,9
4779,28
4780,9
4781,28
4782,21
4783,9
4784,23
4785,9
4786,12
4787,21
4788,21
4789,5
4790,9
4791,15
4792,5
4793,5
4794,5
4795,5
4796,5
4797,5
4798,5
4799,5
4800,21
4801,21
4802,20
4803,5
4804,30
4805,15
4806,5
4807,21
4808,5
4809,5
4810,5
4811,15
4812,15
4813,5
4814,5
4815,5
4816,21
4817,21
4818,5
4819,5
4820,5
4821,5
4822,5
4823,5
4824,21
4825,21
4826,15
4827,21
4828,21
4829,21
4830,5
4831,21
4832,21
4833,21
4834,21
4835,21
4836,21
4837,21
4838,21
4839,21
4840,21
4841,30
4842,5
4843,5
4844,21
4845,5
4846,5
4847,5
4848,5
4849,21
4850,15
4851,5
4852,20
4853,5
4854,5
4855,5
4856,5
4857,5
4858,21
4859,5
4860,5
4861,21
4862,5
4863,5
4864,5
4865,21
4866,5
4867,5
4868,21
4869,30
4870,28
4871,12
4872,9
4873,28
4874,9
4875,9
4876,28
4877,28
4878,22
4879,28
4880,28
4881,22
4882,12
4883,28
4884,23
4885,9
4886,9
4887,28
4888,7
4889,21
4890,15
4891,30
4892,12
4893,28
4894,21
4895,28
4896,13
4897,9
4898,9
4899,14
4900,21
4901,28
4902,21
4903,32
4904,12
4905,21
4906,13
4907,15
4908,30
4909,30
4910,17
4911,9
4912,21
4913,30
4914,13
4915,9
4916,30
4917,21
4918,13
4919,9
4920,17
4921,9
4922,21
4923,9
4924,14
4925,21
4926,13
4927,30
4928,30
4929,9
4930,13
4931,9
4932,30
4933,21
4934,12
4935,14
4936,12
4937,21
4938,30
4939,21
4940,30
4941,30
4942,17
4943,21
4944,21
4945,21
4946,30
4947,12
4948,21
4949,21
4950,32
4951,30
4952,21
4953,21
4954,28
4955,28
4956,17
4957,21
4958,17
4959,30
4960,32
4961,30
4962,13
4963,13
4964,30
4965,14
4966,21
4967,9
4968,21
4969,15
4970,13
4971,21
4972,21
4973,17
4974,30
4975,30
4976,21
4977,12
4978,17
4979,17
4980,28
4981,17
4982,9
4983,9
4984,17
4985,30
4986,21
4987,21
4988,12
4989,9
4990,32
4991,17
4992,21
4993,17
4994,28
4995,9
4996,9
4997,30
4998,21
4999,9
5000,9
5001,4
5002,21
5003,28
5004,12
5005,9
5006,30
5007,21
5008,28
5009,28
5010,22
5011,9
5012,28
5013,23
5014,9
5015,21
5016,9
5017,9
5018,12
5019,9
5020,21
5021,9
5022,21
5023,32
5024,32
5025,15
5026,9
5027,23
5028,9
5029,13
5030,32
5031,21
5032,9
5033,9
5034,21
5035,9
5036,30
5037,30
5038,21
5039,13
5040,9
5041,32
5042,21
5043,30
5044,9
5045,23
5046,30
5047,23
5048,28
5049,22
5050,32
5051,21
5052,21
5053,28
5054,9
5055,30
5056,30
5057,9
5058,28
5059,12
5060,12
5061,12
5062,32
5063,32
5064,9
5065,21
5066,12
5067,30
5068,21
5069,24
5070,9
5071,21
5072,28
5073,12
5074,21
5075,30
5076,32
5077,15
5078,28
5079,30
5080,28
5081,12
5082,21
5083,32
5084,28
5085,21
5086,13
5087,32
5088,28
5089,21
5090,14
5091,21
5092,21
5093,9
5094,9
5095,28
5096,21
5097,21
5098,28
5099,12
5100,9
5101,12
5102,12
5103,1
5104,32
5105,30
5106,9
5107,12
5108,21
5109,9
5110,21
5111,14
5112,13
5113,30
5114,30
5115,28
5116,13
5117,30
5118,12
5119,30
5120,21
5121,32
5122,21
5123,28
5124,21
5125,12
5126,28
5127,30
5128,28
5129,21
5130,9
5131,21
5132,12
5133,28
5134,9
5135,12
5136,21
5137,32
5138,30
5139,9
5140,2
5141,30
5142,12
5143,28
5144,12
5145,30
5146,28
5147,28
5148,9
5149,28
5150,21
5151,28
5152,9
5153,28
5154,21
5155,32
5156,32
5157,12
5158,9
5159,9
5160,9
5161,9
5162,28
5163,28
5164,32
5165,0
5166,21
5167,32
5168,13
5169,21
5170,9
5171,32
5172,30
5173,21
5174,21
5175,21
5176,28
5177,15
5178,15
5179,9
5180,9
5181,28
5182,28
5183,14
5184,0
5185,21
5186,12
5187,12
5188,28
5189,23
5190,21
5191,32
5192,9
5193,9
5194,32
5195,14
5196,9
5197,21
5198,28
5199,28
5200,28
5201,12
5202,9
5203,9
5204,28
5205,9
5206,30
5207,21
5208,18
5209,32
5210,17
5211,12
5212,30
5213,32
5214,17
5215,12
5216,9
5217,30
5218,12
5219,12
5220,15
5221,12
5222,12
5223,28
5224,33
5225,33
5226,12
5227,9
5228,32
5229,30
5230,12
5231,32
5232,32
5233,32
5234,12
5235,9
5236,28
5237,12
5238,14
5239,21
5240,21
5241,32
5242,28
5243,28
5244,28
5245,28
5246,9
5247,30
5248,12
5249,21
5250,12
5251,12
5252,28
5253,32
5254,9
5255,12
5256,30
5257,12
5258,28
5259,9
5260,9
5261,21
5262,12
5263,13
5264,30
5265,15
5266,32
5267,30
5268,30
5269,9
5270,9
5271,30
5272,30
5273,12
5274,12
5275,9
5276,23
5277,28
5278,21
5279,32
5280,12
5281,21
5282,32
5283,21
5284,17
5285,6
5286,21
5287,9
5288,30
5289,11
5290,13
5291,28
5292,21
5293,9
5294,30
5295,32
5296,30
5297,9
5298,12
5299,12
5300,28
5301,12
5302,30
5303,28
5304,28
5305,12
5306,30
5307,28
5308,9
5309,9
5310,9
5311,12
5312,30
5313,32
5314,32
5315,9
5316,21
5317,12
5318,21
5319,30
5320,21
5321,28
5322,9
5323,9
5324,9
5325,17
5326,32
5327,28
5328,28
5329,28
5330,9
5331,21
5332,28
5333,9
5334,32
5335,9
5336,21
5337,23
5338,28
5339,23
5340,21
5341,32
5342,9
5343,28
5344,22
5345,28
5346,15
5347,21
5348,21
5349,9
5350,21
5351,28
5352,19
5353,2
5354,21
5355,21
5356,21
5357,13
5358,21
5359,17
5360,9
5361,28
5362,32
5363,12
5364,30
5365,29
5366,12
5367,21
5368,28
5369,30
5370,32
5371,21
5372,30
5373,30
5374,21
5375,9
5376,28
5377,28
5378,9
5379,9
5380,9
5381,12
5382,12
5383,17
5384,13
5385,32
5386,28
5387,21
5388,32
5389,32
5390,17
5391,32
5392,12
5393,17
5394,17
5395,28
5396,28
5397,14
5398,28
5399,9
5400,21
5401,32
5402,28
5403,32
5404,30
5405,21
5406,21
5407,12
5408,28
5409,9
5410,12
5411,9
5412,30
5413,21
5414,9
5415,32
5416,13
5417,9
5418,9
5419,9
5420,15
5421,32
5422,17
5423,12
5424,28
5425,23
5426,30
5427,30
5428,28
5429,14
5430,28
5431,32
5432,21
5433,21
5434,12
5435,14
5436,9
5437,9
5438,28
5439,9
5440,21
5441,9
5442,17
5443,30
5444,28
5445,12
5446,30
5447,21
5448,21
5449,9
5450,30
5451,28
5452,21
5453,28
5454,30
5455,21
5456,9
5457,30
5458,30
5459,9
5460,28
5461,28
5462,21
5463,30
5464,21
5465,21
5466,21
5467,28
5468,28
5469,28
5470,30
5471,21
5472,21
5473,32
5474,9
5475,12
5476,23
5477,21
5478,21
5479,30
5480,28
5481,9
5482,28
5483,32
5484,9
5485,28
5486,30
5487,9
5488,9
5489,28
5490,28
5491,32
5492,30
5493,30
5494,32
5495,28
5496,12
5497,9
5498,12
5499,23
5500,9
5501,13
5502,30
5503,28
5504,9
5505,9
5506,28
5507,21
5508,21
5509,21
5510,12
5511,21
5512,28
5513,9
5514,12
5515,27
5516,28
5517,26
5518,15
5519,15
5520,30
5521,28
5522,28
5523,5
5524,12
5525,15
5526,9
5527,23
5528,21
5529,30
5530,12
5531,12
5532,28
5533,21
5534,9
5535,9
5536,9
5537,32
5538,21
5539,9
5540,30
5541,29
5542,13
5543,28
5544,21
5545,32
5546,15
5547,28
5548,32
5549,21
5550,32
5551,30
5552,9
5553,9
5554,30
5555,28
5556,28
5557,30
5558,9
5559,32
5560,21
5561,30
5562,30
5563,30
5564,30
5565,12
5566,30
5567,30
5568,32
5569,9
5570,21
5571,21
5572,30
5573,28
5574,30
5575,30
5576,21
5577,12
5578,32
5579,21
5580,9
5581,9
5582,32
5583,21
5584,21
5585,28
5586,9
5587,9
5588,21
5589,21
5590,21
5591,30
5592,30
5593,28
5594,24
5595,21
5596,30
5597,12
5598,32
5599,21
5600,21
5601,23
5602,23
5603,9
5604,32
5605,30
5606,9
5607,32
5608,14
5609,28
5610,28
5611,21
5612,9
5613,28
5614,9
5615,28
5616,28
5617,21
5618,21
5619,30
5620,2
5621,19
5622,21
5623,21
5624,9
5625,23
5626,28
5627,9
5628,14
5629,32
5630,9
5631,9
5632,28
5633,21
5634,32
5635,30
5636,9
5637,32
5638,28
5639,32
5640,28
5641,28
5642,28
5643,9
5644,21
5645,32
5646,28
5647,21
5648,12
5649,21
5650,28
5651,30
5652,30
5653,14
5654,23
5655,32
5656,12
5657,12
5658,30
5659,28
5660,28
5661,30
5662,9
5663,21
5664,9
5665,9
5666,28
5667,28
5668,21
5669,13
5670,9
5671,12
5672,9
5673,15
5674,21
5675,26
5676,9
5677,23
5678,28
5679,30
5680,32
5681,21
5682,12
5683,21
5684,21
5685,9
5686,30
5687,30
5688,32
5689,28
5690,21
5691,30
5692,30
5693,15
5694,32
5695,30
5696,12
5697,21
5698,32
5699,28
5700,23
5701,12
5702,32
5703,14
5704,12
5705,14
5706,0
5707,12
5708,14
5709,14
5710,21
5711,9
5712,12
5713,21
5714,9
5715,15
5716,28
5717,21
5718,2
5719,21
5720,32
5721,9
5722,28
5723,28
5724,27
5725,21
5726,17
5727,32
5728,28
5729,21
5730,13
5731,28
5732,28
5733,21
5734,21
5735,12
5736,30
5737,17
5738,32
5739,28
5740,21
5741,32
5742,12
5743,32
5744,21
5745,12
5746,9
5747,9
5748,32
5749,28
5750,28
5751,12
5752,21
5753,12
5754,9
5755,21
5756,30
5757,30
5758,28
5759,28
5760,28
5761,9
5762,12
5763,9
5764,32
5765,28
5766,28
5767,9
5768,9
5769,9
5770,9
5771,9
5772,28
5773,21
5774,21
5775,32
5776,30
5777,28
5778,30
5779,30
5780,9
5781,30
5782,28
5783,21
5784,21
5785,9
5786,21
5787,9
5788,28
5789,21
5790,21
5791,30
5792,14
5793,21
5794,9
5795,12
5796,12
5797,10
5798,28
5799,2
5800,12
5801,32
5802,9
5803,9
5804,21
5805,32
5806,23
5807,30
5808,14
5809,15
5810,28
5811,28
5812,21
5813,28
5814,21
5815,28
5816,21
5817,12
5818,21
5819,28
5820,9
5821,32
5822,15
5823,0
5824,28
5825,21
5826,9
5827,28
5828,30
5829,15
5830,28
5831,21
5832,21
5833,28
5834,9
5835,12
5836,9
5837,14
5838,9
5839,30
5840,14
5841,28
5842,12
5843,32
5844,12
5845,12
5846,21
5847,21
5848,12
5849,9
5850,30
5851,21
5852,17
5853,21
5854,21
5855,30
5856,12
5857,20
5858,15
5859,13
5860,28
5861,21
5862,12
5863,9
5864,28
5865,21
5866,9
5867,28
5868,28
5869,9
5870,28
5871,9
5872,28
5873,12
5874,12
5875,9
5876,28
5877,9
5878,32
5879,9
5880,30
5881,28
5882,30
5883,28
5884,12
5885,2
5886,30
5887,12
5888,9
5889,28
5890,30
5891,32
5892,32
5893,17
5894,28
5895,30
5896,32
5897,32
5898,28
5899,9
5900,13
5901,30
5902,14
5903,30
5904,30
5905,32
5906,26
5907,28
5908,21
5909,21
5910,28
5911,1
5912,9
5913,28
5914,9
5915,9
5916,21
5917,13
5918,21
5919,9
5920,12
5921,32
5922,14
5923,12
5924,14
5925,32
5926,1
5927,28
5928,28
5929,30
5930,28
5931,28
5932,32
5933,28
5934,28
5935,12
5936,21
5937,28
5938,12
5939,17
5940,12
5941,12
5942,12
5943,2
5944,30
5945,21
5946,28
5947,30
5948,21
5949,32
5950,12
5951,21
5952,28
5953,13
5954,32
5955,15
5956,21
5957,17
5958,28
5959,32
5960,28
5961,28
5962,21
5963,21
5964,30
5965,13
5966,30
5967,14
5968,21
5969,12
5970,28
5971,28
5972,21
5973,28
5974,12
5975,12
5976,12
5977,28
5978,21
5979,32
5980,32
5981,30
5982,28
5983,13
5984,30
5985,32
5986,12
5987,28
5988,30
5989,28
5990,14
5991,32
5992,30
5993,21
5994,12
5995,28
5996,14
5997,28
5998,28
5999,12
6000,21
6001,9
6002,28
6003,12
6004,30
6005,30
6006,32
6007,12
6008,28
6009,21
6010,30
6011,32
6012,21
6013,32
6014,28
6015,32
6016,21
6017,21
6018,9
6019,9
6020,28
6021,21
6022,32
6023,12
6024,30
6025,9
6026,9
6027,9
6028,12
6029,9
6030,28
6031,21
6032,23
6033,28
6034,28
6035,13
6036,21
6037,30
6038,32
6039,9
6040,9
6041,12
6042,28
6043,21
6044,12
6045,12
6046,30
6047,28
6048,23
6049,21
6050,30
6051,21
6052,12
6053,15
6054,12
6055,12
6056,23
6057,21
6058,21
6059,28
6060,28
6061,30
6062,30
6063,30
6064,12
6065,9
6066,9
6067,32
6068,28
6069,21
6070,21
6071,30
6072,30
6073,9
6074,30
6075,32
6076,9
6077,30
6078,32
6079,9
6080,9
6081,28
6082,28
6083,15
6084,9
6085,28
6086,28
6087,21
6088,28
6089,12
6090,9
6091,17
6092,15
6093,32
6094,21
6095,30
6096,9
6097,21
6098,21
6099,9
6100,32
6101,12
6102,32
6103,21
6104,9
6105,21
6106,9
6107,12
6108,14
6109,9
6110,30
6111,32
6112,32
6113,24
6114,21
6115,21
6116,21
6117,21
6118,9
6119,28
6120,12
6121,9
6122,21
6123,28
6124,28
6125,21
6126,28
6127,21
6128,24
6129,21
6130,12
6131,21
6132,25
6133,32
6134,30
6135,15
6136,9
6137,9
6138,30
6139,12
6140,30
6141,12
6142,30
6143,21
6144,15
6145,28
6146,9
6147,12
6148,12
6149,9
6150,32
6151,13
6152,9
6153,28
6154,14
6155,9
6156,28
6157,21
6158,9
6159,12
6160,32
6161,9
6162,18
6163,23
6164,28
6165,9
6166,30
6167,9
6168,9
6169,30
6170,32
6171,17
6172,28
6173,9
6174,21
6175,12
6176,28
6177,9
6178,2
6179,21
6180,9
6181,9
6182,14
6183,9
6184,32
6185,32
6186,32
6187,32
6188,28
6189,21
6190,21
6191,9
6192,28
6193,12
6194,30
6195,30
6196,2
6197,30
6198,9
6199,12
6200,12
6201,30
6202,9
6203,2
6204,21
6205,25
6206,21
6207,12
6208,28
6209,6
6210,25
6211,13
6212,12
6213,30
6214,9
6215,28
6216,32
6217,9
6218,21
6219,21
6220,9
6221,23
6222,30
6223,28
6224,28
6225,30
6226,27
6227,29
6228,9
6229,21
6230,30
6231,28
6232,28
6233,21
6234,30
6235,30
6236,32
6237,28
6238,28
6239,30
6240,30
6241,28
6242,9
6243,32
6244,9
6245,9
6246,28
6247,9
6248,30
6249,9
6250,28
6251,32
6252,9
6253,21
6254,28
6255,12
6256,28
6257,21
6258,15
6259,27
6260,21
6261,30
6262,21
6263,9
6264,28
6265,12
6266,9
6267,30
6268,9
6269,21
6270,21
6271,12
6272,28
6273,21
6274,12
6275,30
6276,30
6277,14
6278,28
6279,28
6280,12
6281,9
6282,32
6283,9
6284,21
6285,17
6286,30
6287,21
6288,9
6289,28
6290,21
6291,9
6292,12
6293,28
6294,28
6295,32
6296,28
6297,32
6298,32
6299,28
6300,21
6301,23
6302,12
6303,12
6304,21
6305,28
6306,9
6307,23
6308,9
6309,28
6310,24
6311,21
6312,28
6313,9
6314,9
6315,32
6316,32
6317,14
6318,9
6319,21
6320,28
6321,9
6322,9
6323,32
6324,9
6325,28
6326,21
6327,28
6328,15
6329,28
6330,21
6331,28
6332,9
6333,9
6334,12
6335,28
6336,9
6337,12
6338,21
6339,21
6340,9
6341,9
6342,25
6343,9
6344,23
6345,32
6346,21
6347,13
6348,9
6349,9
6350,28
6351,9
6352,14
6353,30
6354,28
6355,21
6356,28
6357,9
6358,9
6359,17
6360,21
6361,26
6362,28
6363,30
6364,9
6365,9
6366,14
6367,28
6368,32
6369,28
6370,12
6371,9
6372,28
6373,12
6374,12
6375,21
6376,21
6377,21
6378,21
6379,9
6380,9
6381,21
6382,9
6383,9
6384,12
6385,30
6386,14
6387,28
6388,28
6389,9
6390,9
6391,32
6392,9
6393,26
6394,14
6395,30
6396,32
6397,28
6398,32
6399,15
6400,32
6401,0
6402,28
6403,12
6404,15
6405,30
6406,32
6407,15
6408,24
6409,28
6410,28
6411,12
6412,30
6413,9
6414,12
6415,14
6416,32
6417,9
6418,32
6419,21
6420,32
6421,9
6422,21
6423,14
6424,9
6425,32
6426,12
6427,12
6428,21
6429,21
6430,12
6431,32
6432,28
6433,24
6434,9
6435,12
6436,30
6437,28
6438,32
6439,12
6440,23
6441,28
6442,12
6443,28
6444,9
6445,21
6446,28
6447,13
6448,32
6449,28
6450,14
6451,17
6452,30
6453,9
6454,30
6455,9
6456,9
6457,9
6458,28
6459,12
6460,28
6461,14
6462,0
6463,28
6464,30
6465,21
6466,32
6467,26
6468,28
6469,9
6470,32
6471,32
6472,23
6473,28
6474,9
6475,12
6476,9
6477,9
6478,21
6479,28
6480,9
6481,30
6482,30
6483,11
6484,21
6485,21
6486,32
6487,9
6488,14
6489,28
6490,14
6491,21
6492,0
6493,30
6494,28
6495,21
6496,9
6497,14
6498,23
6499,24
6500,12
6501,28
6502,9
6503,21
6504,9
6505,9
6506,32
6507,25
6508,32
6509,21
6510,27
6511,32
6512,32
6513,32
6514,28
6515,25
6516,28
6517,28
6518,28
6519,30
6520,28
6521,28
6522,32
6523,32
6524,9
6525,14
6526,28
6527,9
6528,21
6529,1
6530,9
6531,9
